﻿<grammar version="1.0" xml:lang="fr-FR" mode="voice" root="ruleAGC" xmlns="http://www.w3.org/2001/06/grammar" tag-format="semantics/1.0">
  <rule id="ruleAGC" scope="public">
    <example>Sarah  ?</example>
    <tag>out.action=new Object();</tag>
    <item>Sarah</item>
    <one-of>
      <item>Quel est l'étalonnage du son<tag>out.action.mode="status";</tag></item>
      <item>étalonne le son<tag>out.action.mode="go";</tag></item>
	  <item>Désactive le réglage automatique du niveau sonore<tag>out.action.mode="disableauto";</tag></item>
	  <item>Active le réglage automatique du niveau sonore<tag>out.action.mode="enableauto";</tag></item>
    </one-of>
    <item repeat="0-1">
      <one-of>
        <item>s'il te plait</item>
        <item>si il te plait</item>
        <item>se te plait</item>
      </one-of>
    </item>
    <tag>out.action._attributes.uri="http://127.0.0.1:8080/sarah/AutoGainControl";</tag>
  </rule> 
<!-- Automatic Generation § -->
<!-- § Automatic Generation -->
</grammar>
